epoch,acc,loss,val_acc,val_loss
0,0.15728248898678415,1.9444675234183342,0.1430722891566265,1.9485116251501213
1,0.15752340308370044,1.9442201279727374,0.1430722891566265,1.9464822145829719
2,0.15659416299559473,1.9443852494466671,0.1430722891566265,1.947592915301342
3,0.1550454295154185,1.9443214187800621,0.1430722891566265,1.9474904759820686
4,0.15604350220264318,1.944279557348348,0.1430722891566265,1.947566589198438
