epoch,acc,loss,val_acc,val_loss
0,0.29284829295154186,1.6116318243847019,0.28413654618473894,1.5473589107882608
1,0.3405492841409692,1.4814854340078023,0.285140562248996,1.5512039493858434
2,0.4965927863436123,1.1917511591203676,0.49573293172690763,1.2726245664344182
3,0.7050523127753304,0.7505798911355797,0.5680220883534136,1.4623375904877352
4,0.7580534140969163,0.6445403044370499,0.5785642570281124,1.363195555512025
