epoch,acc,loss,val_acc,val_loss
0,0.1564909140969163,1.9447703137009154,0.1430722891566265,1.9473197900626553
1,0.15738573788546256,1.944236420062145,0.1430722891566265,1.946954659190044
2,0.1551486784140969,1.9443387573642352,0.1430722891566265,1.9468011599946693
3,0.15535517621145375,1.9442693604246635,0.1430722891566265,1.9479492615504437
4,0.15686949339207049,1.9442388030007023,0.1430722891566265,1.9477625288159015
