epoch,acc,loss,val_acc,val_loss
0,0.15621558370044053,1.9446043099732127,0.1430722891566265,1.9475535259668129
1,0.15435710352422907,1.9444576528760305,0.1430722891566265,1.9475005656839854
2,0.1569727422907489,1.9443512952800364,0.1430722891566265,1.9478708077147304
3,0.15342786343612336,1.9443031308540688,0.1430722891566265,1.948084156915366
4,0.15446035242290748,1.9442593203898568,0.1430722891566265,1.9478064485821858
