epoch,acc,loss,val_acc,val_loss
0,0.553467802321228,1.0536246327191692,0.5466399197592778,1.3724843490730445
