epoch,acc,loss,val_acc,val_loss
0,0.7043984030837004,0.6839231621650446,0.42570281124497994,6.194436765840062
1,0.9365707599118943,0.1916655226651941,0.36809738955823296,6.611465263871146
2,0.9459319933920705,0.16581853079515554,0.5493222891566265,2.828575600323104
3,0.9609030837004405,0.12107796048926767,0.4636044176706827,3.1703501068322018
4,0.9614881607929515,0.11804724398982713,0.5746736947791165,2.3428573138622717
