epoch,acc,loss,val_acc,val_loss
0,0.28551762114537443,1.6160804673307267,0.2808734939759036,1.5864561801572938
1,0.2879955947136564,1.6461280346704474,0.286144578313253,1.6217003999699502
2,0.33166987885462557,1.4933618008762204,0.39759036144578314,1.4391982319536691
3,0.6029391519823789,0.9991634208709002,0.3534136546184739,3.159539785547498
4,0.7725426762114538,0.6412458180199636,0.3767570281124498,4.890591287342254
