epoch,acc,loss,val_acc,val_loss
0,0.15883122246696035,1.9414390754200814,0.1430722891566265,1.9484334820245643
1,0.15669741189427314,1.9444937125701736,0.1430722891566265,1.9473835134123223
2,0.15838381057268722,1.9443260763447716,0.1430722891566265,1.9478745115808693
3,0.15669741189427314,1.944279055435227,0.1430722891566265,1.947393051831119
4,0.15645649779735682,1.9442754232935968,0.1430722891566265,1.947673072537265
