epoch,acc,loss,val_acc,val_loss
0,0.40893447136563876,1.3758826011931318,0.28589357429718876,1.605090197140261
1,0.5801211453744494,0.9207868264569585,0.4622238955823293,1.2233264276147313
2,0.6272714757709251,0.833300671486865,0.4850652610441767,1.027704453097829
3,0.6988573788546255,0.7094321099873058,0.2860190763052209,1.5979436515028695
4,0.6409347466960352,0.9403797271805057,0.3773845381526104,1.5689022209882981
