epoch,acc,loss,val_acc,val_loss
0,0.5299981280419319,1.08624318977926,0.49003259779338015,1.804375763854866
