epoch,acc,loss,val_acc,val_loss
0,0.41640280837004406,1.3633193357269144,0.46410642570281124,1.3028013141092283
1,0.5977078744493393,0.9549714864892188,0.5043925702811245,1.8897439992448268
