epoch,acc,loss,val_acc,val_loss
0,0.15628441629955947,2.004327445828442,0.1430722891566265,1.947496441952196
1,0.15618116740088106,1.9445791307524962,0.1430722891566265,1.9476615580688998
2,0.15511426211453744,1.9443818511941884,0.1430722891566265,1.9476162693107941
3,0.1560090859030837,1.9444304266165007,0.1430722891566265,1.9472662780179557
4,0.15563050660792951,1.9443437100638377,0.1430722891566265,1.9473528088814762
