epoch,acc,loss,val_acc,val_loss
0,0.3959939427312775,1.414774743241098,0.6354166666666666,0.994286710624986
1,0.7561261013215859,0.6082748950126741,0.6155873493975904,1.5407142299119572
2,0.8640900330396476,0.3642524385282212,0.6319026104417671,1.8604747136207158
3,0.9035655286343612,0.263989086903166,0.7259036144578314,1.3506982393358287
4,0.9151982378854625,0.22457958648154627,0.4820532128514056,3.9510893603449166
