epoch,acc,loss,val_acc,val_loss
0,0.803374204417821,0.5592834963635843,0.45010030090270814,4.991588787750281
1,0.9069870834893299,0.2631076343499824,0.3950601805416249,5.724172012758576
