epoch,acc,loss,val_acc,val_loss
0,0.15356552863436124,13.21498131797965,0.14369979919678716,13.801928341628079
1,0.15714482378854625,13.287490303820976,0.14369979919678716,13.801928341628079
2,0.15680066079295155,13.290150867947398,0.1430722891566265,13.81204260951544
3,0.15621558370044053,13.299146583164315,0.1430722891566265,13.81204260951544
4,0.15625,13.299634825815714,0.1430722891566265,13.81204260951544
