epoch,acc,loss,val_acc,val_loss
0,0.15538959251101322,1.9446341132146145,0.1430722891566265,1.9469000208808716
1,0.15511426211453744,1.9444747263902085,0.1430722891566265,1.9469422257568942
2,0.15569933920704845,1.9444043345519624,0.1430722891566265,1.9476301133872036
3,0.15759223568281938,1.9442848246134325,0.1430722891566265,1.9473215851439052
4,0.1549421806167401,1.9442923727408379,0.1430722891566265,1.9479731168134145
